{"version":1,"hash":{"type":"Buffer","data":"4uNd8hXje6rEAiKTlGLG5fqDWHhLllSp9WGuw4roLvj/8fRHA0VjmB8YS7xVG6qthSGhLhKoPVsC7bBJwkJJq3xtDAah2DcRIR9k2tmBwhi4UeaAohenPtJPgzRaJIU3pPQxfBHXjdmAQ/5qzNI7oPCkPYdNZTk0gMfSEFhE+JM="},"indexValueMap":{"tK8+n1TXLRV+dpa+XxUJqqyVs7LMYpo6tuUe4BnuR9c=":{"valueMac":{"type":"Buffer","data":"JViAUJ1Ee94uD25Fyee9Sjbc5BTwt80A26RUqAS45q8="}},"3kfJ6uFnnJHp97Qrj2CLc+FxC6omIHRO2o2FfiPrKUE=":{"valueMac":{"type":"Buffer","data":"SYHsvYdrY4b9jZxMO+NvY05nFKLwUEBqHN8Pd7N5W1w="}},"52PfB7Wjp0Wv9xzkrTtaRLm0e9T6lX+z5OlpJclogQE=":{"valueMac":{"type":"Buffer","data":"N4I4pvEHS0Pwcd7m9MHycjj22MxpAoHpJX+VFWKqCtk="}},"mZnwsiLknjsthFS75y6o5RgpkMIflr/q7LLaW57skkI=":{"valueMac":{"type":"Buffer","data":"dbAl4GbIPTpElOiLLMkyc521oQKg6b8XN9jP0UyYgqc="}},"4cvrECcXxWrAtx6ksdMJsLHs96+kYdaGD5FBwQOc3yU=":{"valueMac":{"type":"Buffer","data":"3otLAnE3EFqZkOywKKLo5NTMF3/uqkJJ3YY2DtweEkc="}},"TZ5WNePwg3e2jdJG2BqQxV7AcjiuaoBMqc8GpXQntsY=":{"valueMac":{"type":"Buffer","data":"l4nCOF0wWv0zGpd2ZiRxKnu0LDIAiG37DHQ8MzN4mgQ="}},"u1du+jgU1JnAOjtSGPO5jLN/bHKcklJK+4LfXvkQc68=":{"valueMac":{"type":"Buffer","data":"or8+61UabC8qVLmOs+ROVTVUox62DB5gD2Jm9g23s34="}},"UdwfBGpQZUFBM0PHefcT8OWa61VY/9+YhsaAANO5WfE=":{"valueMac":{"type":"Buffer","data":"Ymh4nx8eWrTI15OB0e/ozXVO3VUr3gXzP6iZZ0ZkEvg="}},"Y4n1gZR2sJYoqRXlGBft3tBhjmv0Z6FxEbNBH0GDAWE=":{"valueMac":{"type":"Buffer","data":"0Ymy/Abgy3ypJstSlynqRzCQfwu4eZDqddRelhCffuU="}},"FVbWxg8Smnf/yHWI2HACZp3FWRGdKtJR4xJEj3vqqNE=":{"valueMac":{"type":"Buffer","data":"IPHpPSOmYxggWPcF/ERupiRbNw3ZAe1K/RYDiNgTEe8="}},"8LEbvLUpq4J3G6cUuoN/7TFWpixAx2hdryXJ0icN0e4=":{"valueMac":{"type":"Buffer","data":"y0lmYuJXUEaYMUSZPRtDeKUoIng4AGWyd5dk0I06daw="}},"DLUAt1R9r2ip8ntkD6MhkNtSLXbhG3vrlFcK9xPoYrU=":{"valueMac":{"type":"Buffer","data":"zf4blTrrSrYfynOT8t75dyC6fHpRpD20V654JgDxjE0="}},"fGm2InjhkquGSTo3EDDDTQUgfrYMuifC9vMXmuFovO8=":{"valueMac":{"type":"Buffer","data":"wRSDzvqMKXkexjrFmlRdqJ3JbFSSP7sOV4PMchJcmww="}},"BCbDzh0SFoDBiPyCLg7i9u42xlUbJXHIH1ckFO1YEx8=":{"valueMac":{"type":"Buffer","data":"sTPTN8xIt5BdfVfYSj1qxxPnZ8p1pbso8hb3caw5PpA="}},"ZCszMl1kwRI13K5Kvcvbv8UH68PBeXRJcksaouWb3dA=":{"valueMac":{"type":"Buffer","data":"bYg5meLeJmOQfYPkEWKFbZN+L/yEcOFN/QBqny+wkNo="}},"tz4VjpEacygoyuLikO6dJlu94QBFl0xTH6AWy9uICfo=":{"valueMac":{"type":"Buffer","data":"/RYYJydcmEzw4r9Q75yXhZ/iYVesf3lUKu2cUQ9j/ks="}},"aiIzQm4YTqbSVvh1SvE3LDLYXzzAHs8lbmRC0jcOVy8=":{"valueMac":{"type":"Buffer","data":"FiaJHVc0Yqmf97r+jxk575BhTV89+tL0Yn81fdg/oHU="}},"DDJ79J1qjGip/za/MYVuN7pIStga9ntBcT4c+Nc57V0=":{"valueMac":{"type":"Buffer","data":"tTq0Qru21o3YO9n6haetBmzWKMyVzYn1vS6AG71sSH8="}},"4WalmLC03rXPvMpx71B0UIklpK15N2KhaswfNTis5XY=":{"valueMac":{"type":"Buffer","data":"UP3JAKnlUO8K6C1/3Z+40Qg9ojQxYfnGR/LshQSWJRg="}},"/i7LF2jpB1edlKjK9ASjIhlC8ebNYzQyDXXMaPDAqgU=":{"valueMac":{"type":"Buffer","data":"W0KALSkZJZ2VNiGa4iGWuCTGPE+P6cE35sdPrKkCqv4="}},"VvAHzeEBelR2VCYLp9o4lck1uXkYbjbGlKwMSmEkw4M=":{"valueMac":{"type":"Buffer","data":"DgsV1A6zGkJfi4Pq8/wz4gMSlnBY8VGT6P6uc1MA8PE="}},"AzbedWsolH/2BtxTaQM/UMz6PMjc2kryRsGkdxICcRU=":{"valueMac":{"type":"Buffer","data":"Z0xUxuN1LC9jEE6ysVKUJBZElih6RW98C6b/D8jTqY8="}},"hwLHkocn2C5jcCBvo0K+Ax7Z2zGRZQT1ZqV7rtbc5dY=":{"valueMac":{"type":"Buffer","data":"rNQRED1BAqnZ1mzYOP9n0fU9QfPXJ6waiR9qbu/T0vE="}},"EJCZIBY39t+As7UF8EluPegT2UxCQ57NawMlXPe9IPY=":{"valueMac":{"type":"Buffer","data":"dTL+D8yVj9c3yqhUUAR+pjiiaHReHRKLyzdvCK0qOPQ="}},"8WQoj15Nk1lnD4+CzAXHQ9gOK55Cr+Tb6mhFwcDxnYU=":{"valueMac":{"type":"Buffer","data":"UxXUirFyWPPA6P6q7j01ZfvIP7CYhN9cOyHJDmiRn6M="}},"Jt0WYvaauvVG9IynAqDtJR9SMQcfNEx9gEhppmwwY1o=":{"valueMac":{"type":"Buffer","data":"KqsH/GvVGu5ixUqv6rxwDjxl7NI38TAdVJTlOSoAUkk="}},"dTBUGp+zqTav2v8HcCYFo3G2GjmtpjKCnTAQRtbXkGY=":{"valueMac":{"type":"Buffer","data":"dzs5z2nKcbsij6lIn8q4p9VcB2L3NmzpuFZpdRX61Pk="}},"E6pKvZ3ZgionTeaDlgI3w0jJ+KKzh+oMM6yQ4Y4Tzlk=":{"valueMac":{"type":"Buffer","data":"jaEo67b6DjIdCGuaYWCc78knQNqXRhJgAsHugjDtHYw="}},"HyEooeFNFKN6hiSsgcnBgGnaJ/DNgXNI38fbI72t/N0=":{"valueMac":{"type":"Buffer","data":"Tf7S5LQjlGpWF/pmNGEd7nX6bPW3zwVXjjIYZizqRYI="}},"foY4/gQuVfbRDKhmOJ37jbP0HbGmBFp7nVYlZk+BvIo=":{"valueMac":{"type":"Buffer","data":"9rmAm/XwXA5iXFt0m+47QCs5a+OPQAMUXtGlIN1tNXU="}},"GlSGj6P4bUlEsAXsKoH1vngYsDbzZCDlOISXTCsYAp4=":{"valueMac":{"type":"Buffer","data":"f2sDF3NVH1/DC5F38+PA3OZao5XNhZ/yDh24sucoEac="}},"9AYwIv2gMkGdkjR2NuxN/P0srQmlTgKihsE25DKFA7E=":{"valueMac":{"type":"Buffer","data":"RJDDLRXpl8LsQtI51MPePGJzaWU+qNXNvpAEMm2F9OI="}},"ZQi+Moqc3d6W1goo1nfqj5WcH5nGiJ5dYRMdYjsLyZg=":{"valueMac":{"type":"Buffer","data":"M5HpLNxE/obfn6W8sSKxlWmFzpdIcS6+/K51qBUAhaU="}},"JqVXlPXaUIWx0OTiC8twk1SJVpkpPCdDovvYgoSDvoA=":{"valueMac":{"type":"Buffer","data":"9vg4XkdiH8PMo5D53KevxOaQZ1JTjfwc11dnR1hwXkQ="}},"9oifxAvX/M0OqH/EbKt5XK8Wp7sHztCaoUZXWYCk24E=":{"valueMac":{"type":"Buffer","data":"mFX0UnpmsqEUuehcHcS+gb5lBs2DUUSQK2NcM6nXgKg="}},"jQ3oxeS2JlQwH0M85Mioq/rupQXfOjgpa7AXW1byH5c=":{"valueMac":{"type":"Buffer","data":"MCRyO1WhXfdsQ7lslJuF2+sJ2gcgHUGEUn+Rz4duk3A="}}}}