{"version":1,"hash":{"type":"Buffer","data":"APmuiTq20JxeAlq1F9ycTvsyzhVmBF3d3fQLv2mj5V6Dvsyo3+fY2kbPMDA4RX6ldcIV2AchH1L4nGJQRtL+qMSG7NljmwKLS6mobuFWR2yj34oeHz3RHZdqeQ1TksHf3XlK0pXHc3TnCcmySbhfvyRZm5Rs/fO1o1amWwTE0yI="},"indexValueMap":{"p/zdrqY3uMkyG06UnZHOIMdwlyUAYfv/15KWXgQkGKQ=":{"valueMac":{"type":"Buffer","data":"QKEGCLVwf/amZhr9UG0DO2YxrPOkSlk2hANpjARGZ0A="}},"7HJYjbl7RelNptX3/gyZZSfeVby0o1JZ7LZ6pJUavms=":{"valueMac":{"type":"Buffer","data":"BG+w2crkUvMW2g3HV1B/SfmJ/WT/4UzWSB5mCNvy47Q="}},"v5uV6L5ihSxdsigRAIT78vGzkWK4mWlq3LcvYQWXVqI=":{"valueMac":{"type":"Buffer","data":"Y1Hn3zdcbVTCJW8G+Syf63GBqxkbxzWpPa/ZgnhKZ5M="}},"movztIFH7lPNi8cmhqcL+LiY+erVx+NKNs3917SqSm4=":{"valueMac":{"type":"Buffer","data":"7P/3ElSHeFURk0pfUe6oVJRqkS53jbBm6vcDt6Dy9Gg="}},"iaBAtwbS3jMh7Dzi0JJp6B+fa54tcA1RBexwQdruLyM=":{"valueMac":{"type":"Buffer","data":"1axcfBTuwcb9GdgnNKsyXE7RzDSbvVVvEqFj4B5cZyI="}},"X+1qZDxFSrH1CCwWbhOrTYxPo5UHmjQuZHBvD9dtOPI=":{"valueMac":{"type":"Buffer","data":"DycKkdNOj6oiwSna2D3ZdBt1v+YEYpdrL06RYkP5z3Y="}},"QeFIBhtE7A0jFHxH+wS9IKqsGyRTC+0hs4nvdjJ+7AQ=":{"valueMac":{"type":"Buffer","data":"wT9/P83CMWvAbGmvmoo8q0yxECOiIWV0QhjiGsnztoc="}},"xF7AgoyP2EWH4BFegYCLGX1qgIe/oRpSer1XJ+qwJ8U=":{"valueMac":{"type":"Buffer","data":"TLkG8lHNUX1zhYknm8DRYkXmLSUpzO7CGrfOsQCNBno="}},"45jqM8UWnuvPZU4Stxvhbu7OK9Y0UEQrfn8JhbU2hfk=":{"valueMac":{"type":"Buffer","data":"4Tdu0NDjDGaeawWO7SVr7IDQ6eL9rgP7yKUWIgIppv4="}},"1Pt8nsP/nsQ/EykKQNui2jq6rro+Yv6Kb08PmmgTu4Q=":{"valueMac":{"type":"Buffer","data":"s8JzvUTAo/EemlvOUyx+Qq3fY8FA9C3YwTq/Nk8nxpA="}},"ZKDHz6md7TUKETMYkadi3/02o8FgVK5gk9bxQ93L9e0=":{"valueMac":{"type":"Buffer","data":"UMaHaGLwphV5nRsBaIPmll2jAHoK0ekjwpC0AsMcdOU="}},"YDfYc2YwsAzN19Y9DnPXWZoWxY2TOB7HK9pWTn9cup4=":{"valueMac":{"type":"Buffer","data":"yO0CQwB9DNP95MsB0wE3de8DyrKcgRXuG4DWCAb0FtU="}},"ORPirLKb3zm2nWWHlFEQFGMZsVyWEsbkn5vIeGKSMMA=":{"valueMac":{"type":"Buffer","data":"mCbpDZxfAEM+oTi6ZVxeYfOyCQp4vKeGPYmripXQDX8="}},"ZzwC+hrSPp8YnMS6KkbvH79Mcto/bhy58z+orLfECVY=":{"valueMac":{"type":"Buffer","data":"DMflVbArt4uEJz3ULJc4hERa7LM/h2eG+kfqBLv0tNg="}},"fi+bHgbOh7WlPrPp4DnkYqMGRzI1l2xK/V+sSJsXnMU=":{"valueMac":{"type":"Buffer","data":"jXwAy94v0AOOdr1VOILqIuy53BXpGmPDwu+yroerHDE="}},"nx6jwm3bzn8Aclwftd6A3XQrWiclcaV+eCJ5e58zXu0=":{"valueMac":{"type":"Buffer","data":"cHCMloPFNyDp+9feqWDNXrDwhDYq1itKE0aUCAu/OP4="}},"aAl7DOeAfeY+hZXl5tvNaudRtahMsCOhtNuJUyYydUA=":{"valueMac":{"type":"Buffer","data":"VApljxk8Pf+uVOuL+3XU8Nx9fJOH7EP0uwSH+nTnA20="}},"kueRLcPrIJANhLU/463zsj0B3ri4WKnPJRdHSoHTDfw=":{"valueMac":{"type":"Buffer","data":"d8UJxZDE1bWubQuQlTy5/z7fS+9ih11daNt9Xsj/GuU="}},"G8S56LQ0/Ky5acl0CUjItwivWvlD2v5/IlcsXIpFnS0=":{"valueMac":{"type":"Buffer","data":"ndm4Daph7EpaOzZaQxKlVp/fQNLd0s5DfpiCg2xEUYg="}},"pdldmm7V0xLz0woWtzYAOBK58d3/caizdbOtyrcyjD4=":{"valueMac":{"type":"Buffer","data":"GHqqGu4AlWO/ZTx7a3rxiiQjcctnrH3AxWfBTvBBI4E="}},"t9dEQOm9Y6QsO6mTdTPK3r2Tk6zA3x6OE9GGlpMWrEU=":{"valueMac":{"type":"Buffer","data":"SnX4c34S48anvyGUGqRe97dGaT6s21hjCRKZ6qCV1A8="}},"RUKjEb19OdK20YuJCQo0BPXv82JE2k41kB813xDTvKY=":{"valueMac":{"type":"Buffer","data":"OYEcQJ53HmGzGXuXOeQligOhE+v1zJUJKHC+VB+0nZo="}},"J2SmQf4WQRx10Q0Kyc3ws0FlmLFpCCBQPUDfw0Ci62k=":{"valueMac":{"type":"Buffer","data":"dX3ML1SiVsWP02JiC+LZowfoJ8rye3rS83eOf7TBN8o="}},"qVbc5II498Jpz3v7Ag+aZxPda5+t95auYL3K8NnZBI4=":{"valueMac":{"type":"Buffer","data":"/CgSJakeTVeiRIKTloLR0IulQAuCZAO2OXe9TQ25ruM="}},"nYImqf8URKXkP5si/kItLBmwxYAKu7kvptG9gSxGvug=":{"valueMac":{"type":"Buffer","data":"0jqaI+GkfLFhfuJGmPY73HBX44fHQiRvm4vnpHYspTs="}},"tOhr1RPVONpp7PP4um2oY0usVBGuQwdrNxcD+7fidsU=":{"valueMac":{"type":"Buffer","data":"jn06N919v9vxDLX6KIfh5S2UaCVWJDeQtGJrpbO6BQA="}},"Qyz7r3CGvzjCiBZhY4D1/Tlm8YNBb24L5KgrUL0SMO8=":{"valueMac":{"type":"Buffer","data":"v1QJqkW/cKpp4fU48zoCvRMmz/yQeAnDsAFHXS4qdFE="}},"8uwyEHt5IGFsbF6GxImjnYUAjF/5esIpzE40YGsZCP8=":{"valueMac":{"type":"Buffer","data":"Ffgq0a/2666hN/ixbU7mWHMCZlVWzGWA5QadDj7JvUc="}},"EwiepmThd0JKP4nDfaGWltaivKV2OUyhXhc0oggVb5M=":{"valueMac":{"type":"Buffer","data":"0zcbnr2S6m/NONcQ1SfxExSmRuz+VzAEg/x4vXsEcj0="}},"fVJW+Zy6urygC3Me4WItZuyMWkng/4rOZVhkWY1G+k4=":{"valueMac":{"type":"Buffer","data":"9yXI+DEzCBIBySYwQJrpQt4WfdjdgFD179qgt8FeRgA="}},"IjMeE/o8TwK9D+rkaaVQxiUeujD6NZENM61MXOr0Ntc=":{"valueMac":{"type":"Buffer","data":"Etl89tncWlk89ylZMySwEvIljW7bj1fWDG5LuoW6tgE="}}}}