{"version":9,"hash":{"type":"Buffer","data":"7zE/piEhUIV3wWUZgmw11XlZeH+qdOA3mF8E1dy8Y8qgDNFx0FXyCyPfj6RRyAVZ4jdBF4YJ6riM2aRB7eH+OWOEG12xvhzHAlBRUdggRgbGFIt61+bochWj5SNp1UaNJpCzX4VFggOTLZI8S2VHMhgKBw1BmkL+Z9ae/K2XNrE="},"indexValueMap":{"kOkhD2r4QxI0+GswBBisMZxgTy1NZpT2jAxpWc8e/ko=":{"valueMac":{"type":"Buffer","data":"XpELb2oqVANVbeMcXg0v9LHWEdq06x9H44l3M2mwQiE="}},"z78G28hNeWmfwvuE6sOUF+ut80CWR3TtyzDoKzA1yLM=":{"valueMac":{"type":"Buffer","data":"rcHgSLKIjZbNWVKfugaM/NzH449YXoI3XylCg2RW154="}},"23+bDxOESXf+tUjU8AuIDvCqT+Xnxz+yeK9Sr5Nemog=":{"valueMac":{"type":"Buffer","data":"Pg/nFMmS0krKgYRx43H9shIAzLaN2K3+rW++tv/ptTM="}},"U7p4YRwqgiT8OCvrMJBRjSr5h/nNOsKihQbwzeAvZoA=":{"valueMac":{"type":"Buffer","data":"9UbKyZsa0gu2RAUNI6TXlrQfvAtntUrjO/QBUHwnjUk="}},"9N2qKWHrcRzbQyQ5ZvPSCciYPX5NxMBb5zy0V35NFuw=":{"valueMac":{"type":"Buffer","data":"+FU9lTbnZttpGQdxzn4B+8H4dVmd5/Met5em7EPL0dQ="}},"sS/jexrZlt8P2SudfVLTBCGEC4aGNpsibDC9D5BcQ6Y=":{"valueMac":{"type":"Buffer","data":"TEUpWFRMvkZRN5mM30VCnO/sx3BfMVl/dP9iBxzX9EQ="}},"ynsQFOontS7lpUGIi9v6C9jQnxf+XzfVm2XtubpeVH8=":{"valueMac":{"type":"Buffer","data":"yKDDuwcU3gk9GOrFnKBXzXqtDrC/ffaE5H/Lr4lKKmk="}}}}