{"_sessions":{"BQ54dfqZhPHYFLHrVg9woVAnv/kWzVcjGZqBUKSHCMBA":{"registrationId":1634450479,"currentRatchet":{"ephemeralKeyPair":{"pubKey":"Ba1uxAOG45zoqWSyBnd++DsBKz6kWbRV1x7DHR7RwYBT","privKey":"qN4OxFfSxm3m5iL9yG7NJfqymA9pRR4oq2tvuUaxQVI="},"lastRemoteEphemeralKey":"BR6bJIXa1CXGdla+AMWJliXuVG9SOTkROCrv9PfUxVYA","previousCounter":0,"rootKey":"5B8Yx2DtpNgY6t4cTvPjvJadEfsTLOo2+YmxPEQD1LU="},"indexInfo":{"baseKey":"BQ54dfqZhPHYFLHrVg9woVAnv/kWzVcjGZqBUKSHCMBA","baseKeyType":2,"closed":-1,"used":1768011628740,"created":1768011628740,"remoteIdentityKey":"BSUBGnEs0KAqYe60Y05rJiVOAofS5uCCAyvYAgNIP+k0"},"_chains":{"BR6bJIXa1CXGdla+AMWJliXuVG9SOTkROCrv9PfUxVYA":{"chainKey":{"counter":5,"key":"UUnbkIgQeWnRFuh8sscviNU4bLEBQ0SCT7/OMXvEvjk="},"chainType":2,"messageKeys":{}},"Ba1uxAOG45zoqWSyBnd++DsBKz6kWbRV1x7DHR7RwYBT":{"chainKey":{"counter":-1,"key":"JepqoxwPdSxLzPMg1cJGEcN7Trp/9q6khkK3eiCwgyc="},"chainType":1,"messageKeys":{}}}}},"version":"v1"}