{"_sessions":{"BZWf0lsCG0ZPcYhukp3V5CtuA53Op2D7+XwPvQCA7/00":{"registrationId":1167391492,"currentRatchet":{"ephemeralKeyPair":{"pubKey":"BduJoWcq3caNGsCDEZes2rtjLisIBwmEgT2EzYNu19YM","privKey":"sKDtJyWzAppRTalS051GS4Sq3IyqZ6zP5PqF43TX7Fs="},"lastRemoteEphemeralKey":"BYrEVyYXlXMTvlKQKpLB11OgrbD95ldBECHRX8rYudFU","previousCounter":0,"rootKey":"eSTyn65JLzmgGv7FHn5lWCP6dL+u+Iyq5waxGqCQCPY="},"indexInfo":{"baseKey":"BZWf0lsCG0ZPcYhukp3V5CtuA53Op2D7+XwPvQCA7/00","baseKeyType":2,"closed":-1,"used":1768048936958,"created":1768048936958,"remoteIdentityKey":"BXFXUom9amNrlF/lbkdtnZt0DBOpY+mPwZQnCtrfn7wV"},"_chains":{"BYrEVyYXlXMTvlKQKpLB11OgrbD95ldBECHRX8rYudFU":{"chainKey":{"counter":4,"key":"RwpC1XXaRR3vPUgVI5IJYLFhhs/5BFNgQeUDkuVI1k4="},"chainType":2,"messageKeys":{}},"BduJoWcq3caNGsCDEZes2rtjLisIBwmEgT2EzYNu19YM":{"chainKey":{"counter":-1,"key":"H1gXGgddL6+E4bi0hOfzBBbMrmF8DzNd6QA1UJR2tYE="},"chainType":1,"messageKeys":{}}}}},"version":"v1"}