{"_sessions":{"BQMH8NabQW+069hYhYDiehmo+MO3RlSEYTQYtyTW6Alr":{"registrationId":491083645,"currentRatchet":{"ephemeralKeyPair":{"pubKey":"BYRIwtTBAJr7ih0Jk0rgi7gwAGWbu7gBXP3n/vNb9GpB","privKey":"uDLPCSbW6453wYTK0KPUTvxGJ37vWphxKyT0Hp/wTmc="},"lastRemoteEphemeralKey":"BczSgwk/SStcKEw1IxKmY8ZObk8nXIOE5wWtHLjcWCsF","previousCounter":0,"rootKey":"925AjFvbt6VzWPenLiPppxIETNx4qWNSid3c5W1TQiA="},"indexInfo":{"baseKey":"BQMH8NabQW+069hYhYDiehmo+MO3RlSEYTQYtyTW6Alr","baseKeyType":2,"closed":-1,"used":1768125623016,"created":1768125623016,"remoteIdentityKey":"BfDVWxSdHAvJSaI19jDQXT4QjeO/Ios7Dba/BHLph+di"},"_chains":{"BczSgwk/SStcKEw1IxKmY8ZObk8nXIOE5wWtHLjcWCsF":{"chainKey":{"counter":0,"key":"w7rjnskpXLLcr2qKt4K62cN69ThiiSvXsJqf84cOUnc="},"chainType":2,"messageKeys":{}},"BYRIwtTBAJr7ih0Jk0rgi7gwAGWbu7gBXP3n/vNb9GpB":{"chainKey":{"counter":-1,"key":"vbZNXp+lTw4nzZN8EnYj0zRN5wa2u4hQBL3ZqbeEthM="},"chainType":1,"messageKeys":{}}}}},"version":"v1"}