{"_sessions":{"BX39Z1tVEQR0Z9qSx/S8hh5SOMv/Hs12SLamGRNQ9cxx":{"registrationId":1206180387,"currentRatchet":{"ephemeralKeyPair":{"pubKey":"BQ9oLrI7gVWkDvey/cUNvUN6YFq+AChnFG47r8+dGqYF","privKey":"uOZT1kl6ZWHPMHcpSbAxBxQZLnQFpZ9o4VpJG/VBCEM="},"lastRemoteEphemeralKey":"BXvLVLkA1vZzTwzEz07PxF9pyXIsEB1LnguNznATYtl+","previousCounter":0,"rootKey":"F9tcFDZOmUvQKngFdZIdeZup0HRUNe07hGlip3v3juw="},"indexInfo":{"baseKey":"BX39Z1tVEQR0Z9qSx/S8hh5SOMv/Hs12SLamGRNQ9cxx","baseKeyType":2,"closed":-1,"used":1768061896243,"created":1768061896243,"remoteIdentityKey":"BfQZgOcYS1N25qdHSaUvIdMyDnuYPXiFsBuqY097tB8W"},"_chains":{"BXvLVLkA1vZzTwzEz07PxF9pyXIsEB1LnguNznATYtl+":{"chainKey":{"counter":0,"key":"o6BL4/sTbnN/ZR0bPQzzYILucQ8A3uXWfa2yJViu6Ao="},"chainType":2,"messageKeys":{}},"BQ9oLrI7gVWkDvey/cUNvUN6YFq+AChnFG47r8+dGqYF":{"chainKey":{"counter":-1,"key":"nOyQMBJ5I7zzY+kCRDQlHI4/5T2QhnWNrV6WL71MPZA="},"chainType":1,"messageKeys":{}}}}},"version":"v1"}