{"_sessions":{"Bf/9lXiSYGLnpQN7x0jcKkRlDKl3YbEFGqPJXXm8wb0i":{"registrationId":1508179247,"currentRatchet":{"ephemeralKeyPair":{"pubKey":"BS0zDz+37ye+rIbu+MangjbcSrcbtWSqrM8nT0AS5wx+","privKey":"0ESgs1roJQ/pXM18xzjIw0R/pTunlytJ2tr04laipEE="},"lastRemoteEphemeralKey":"BShbfG+Kk2/bEW3kUZKBTogL8TPMvmN5AmpVc+5+IFwY","previousCounter":0,"rootKey":"OrpXiJ1OthqgiciuTA0BhycoKrQ28eoK7fob0QnR8L4="},"indexInfo":{"baseKey":"Bf/9lXiSYGLnpQN7x0jcKkRlDKl3YbEFGqPJXXm8wb0i","baseKeyType":2,"closed":-1,"used":1768009704873,"created":1768009704873,"remoteIdentityKey":"BQ8LmZ+kCNIlmE0wD95LK9hoH7n3kyLjHNatOg/gYYxn"},"_chains":{"BShbfG+Kk2/bEW3kUZKBTogL8TPMvmN5AmpVc+5+IFwY":{"chainKey":{"counter":6,"key":"q4FfaXu4343Qg/NlgAqyLj9S/M+vUo9XZayF05IKwHk="},"chainType":2,"messageKeys":{"5":"ANLN1DQhSjJ7F+Z85t0IipXxbqChCfHOtNgMJm/26h8="}},"BS0zDz+37ye+rIbu+MangjbcSrcbtWSqrM8nT0AS5wx+":{"chainKey":{"counter":-1,"key":"g8pHYojgZZHafXXKsC+WOK44I8oOjCenrpvl8f/0zcI="},"chainType":1,"messageKeys":{}}}}},"version":"v1"}