{"_sessions":{"BW1/RmtoBQTWDI6SJBLdZF51crlsY9X3iTBDBFGsv4E4":{"registrationId":544100110,"currentRatchet":{"ephemeralKeyPair":{"pubKey":"BQ3fBXH4Xat/YHJckFJwI8IA+VnrsbFremh8Oah0FFYd","privKey":"gBKu0IgoJ6WgjvW/uupeWcm++0UAPKjKNZqf6jeMpW0="},"lastRemoteEphemeralKey":"BXcvFY85WI4Mkazw2ZHIg2++EK585uGRtepEYA5w4skt","previousCounter":0,"rootKey":"m0VlZLJNLfFjOlHksXyWBgHihVMIavztfhzyBLr+2FQ="},"indexInfo":{"baseKey":"BW1/RmtoBQTWDI6SJBLdZF51crlsY9X3iTBDBFGsv4E4","baseKeyType":2,"closed":-1,"used":1768126309584,"created":1768126309584,"remoteIdentityKey":"BU0GH2fX3jmFQmuMQvDnN3kJbVguVh2OJyQyUZkagikJ"},"_chains":{"BXcvFY85WI4Mkazw2ZHIg2++EK585uGRtepEYA5w4skt":{"chainKey":{"counter":1,"key":"kZkLobc7TN8irMbuhALOQISBRvaHIsicY7h9Z9chZpk="},"chainType":2,"messageKeys":{"0":"oF9XQpw6RKrKx2tsKPDkOpxkUtxccvtXH1nfW6lrC2M="}},"BQ3fBXH4Xat/YHJckFJwI8IA+VnrsbFremh8Oah0FFYd":{"chainKey":{"counter":-1,"key":"u9Cak1kmKdwkM7BN6DAyUYoXbGKKcVNbOG9/sSO+ahI="},"chainType":1,"messageKeys":{}}}}},"version":"v1"}