{"_sessions":{"BbN0OXhkoJOp5e1Y/1UDY80kQ4hvyEY0aMiXcTBOORYs":{"registrationId":1297977689,"currentRatchet":{"ephemeralKeyPair":{"pubKey":"BWBE+In+U5WVnBHeugCe3QcoMRj1Xs2f0+JlOKH8Uvw0","privKey":"IIM3Z5LeSifQp4BLrE/bch8lnf2isvOS5i7oKTA9FGU="},"lastRemoteEphemeralKey":"BfhuhyHy9wwk/UIvMzkwQz9Uwu5JCaztX2UrUeU+9CxG","previousCounter":0,"rootKey":"umzWzCnoiCPDWbuA89xNJHJxFdd5+F12Qn6PR+usLH4="},"indexInfo":{"baseKey":"BbN0OXhkoJOp5e1Y/1UDY80kQ4hvyEY0aMiXcTBOORYs","baseKeyType":2,"closed":-1,"used":1768125162712,"created":1768125162712,"remoteIdentityKey":"BYGhkqy2xEqawEOwk8d2r6KKFMbVx0wkqBjLG8YThKxR"},"_chains":{"BfhuhyHy9wwk/UIvMzkwQz9Uwu5JCaztX2UrUeU+9CxG":{"chainKey":{"counter":0,"key":"lSr/BJ4MVf5nlPKquxMgPRasFyKSK4otpjus11jvuKE="},"chainType":2,"messageKeys":{}},"BWBE+In+U5WVnBHeugCe3QcoMRj1Xs2f0+JlOKH8Uvw0":{"chainKey":{"counter":-1,"key":"jkP2r4a9Xl+gJo+h0kWfNEYyq3nWFqXdBW7T8wHmxis="},"chainType":1,"messageKeys":{}}}}},"version":"v1"}