{"_sessions":{"Bb1OOCeyXMO3AciV1PQeQvXZPgpu5MnovkF+2UE6xVpm":{"registrationId":593850337,"currentRatchet":{"ephemeralKeyPair":{"pubKey":"BWIFH8KtfgQjltPHe2PUT45mSxo707IfJD/HzWGC4ctf","privKey":"AEC7SYwCoJRs4907LsSg7IzTV2FTdcfCDmGVbW8EKmw="},"lastRemoteEphemeralKey":"BXZLvdS/g2t6EnpD2ROxodScJ9iuW09gpKPUt4tEN38N","previousCounter":0,"rootKey":"t8c0Rx7pi2miW9LtmjwZ6dGPpkjfw/AarEoAxZV8CiU="},"indexInfo":{"baseKey":"Bb1OOCeyXMO3AciV1PQeQvXZPgpu5MnovkF+2UE6xVpm","baseKeyType":2,"closed":-1,"used":1768081508722,"created":1768081508722,"remoteIdentityKey":"BQVpbWdGnMVaE3gnaCZOVGBK3NYlBRMQY4O+4GNfo3Ux"},"_chains":{"BXZLvdS/g2t6EnpD2ROxodScJ9iuW09gpKPUt4tEN38N":{"chainKey":{"counter":0,"key":"sj3YrxAkYZYCFslsAbwTiXu5ZlCYoDsz/hKzucmpsi0="},"chainType":2,"messageKeys":{}},"BWIFH8KtfgQjltPHe2PUT45mSxo707IfJD/HzWGC4ctf":{"chainKey":{"counter":-1,"key":"mkXL7JzCTF7/q/4LdfDnxhSHQdquJfSbSMOIDzXx2DI="},"chainType":1,"messageKeys":{}}}}},"version":"v1"}