{"_sessions":{"BapbIGiZxCnsUgYahpxWiH09aXSduGBy5RqqrMXMx3A2":{"registrationId":1393253304,"currentRatchet":{"ephemeralKeyPair":{"pubKey":"BRA8kuvneAK8tmZew/JENJh7V5X15gD8B8+N3k4DRDBh","privKey":"KD1qV7A0igDbGK4HQBzo5z6xl3a/plT1I1dAuUqizWY="},"lastRemoteEphemeralKey":"BdrVUYeLsKqDG5z1s2Rp8rb6Rd725+jtmfojl8lvpbgU","previousCounter":0,"rootKey":"aK1pKLUOoqJ1v45juh9+5KtVXS2uljIkTYOSVJOlD4Q="},"indexInfo":{"baseKey":"BapbIGiZxCnsUgYahpxWiH09aXSduGBy5RqqrMXMx3A2","baseKeyType":2,"closed":-1,"used":1768038619700,"created":1768038619700,"remoteIdentityKey":"BWcyhxN+XflsdGiSN6pRjRVH4XEWwoLmH5T/QVt44bt5"},"_chains":{"BdrVUYeLsKqDG5z1s2Rp8rb6Rd725+jtmfojl8lvpbgU":{"chainKey":{"counter":1,"key":"BB9TBzsO2L/rNHMMozALutdUm/fZsAM0Dq4AUo23uHs="},"chainType":2,"messageKeys":{}},"BRA8kuvneAK8tmZew/JENJh7V5X15gD8B8+N3k4DRDBh":{"chainKey":{"counter":-1,"key":"dV9dzXmRX+NG55ZpThRauNE5Da3HyKIitYlJHBJRmWk="},"chainType":1,"messageKeys":{}}}}},"version":"v1"}