{"_sessions":{"BeFYI07FNNZC8oTV23l0ZKpzVNx5vgJskMY9N2VwGy91":{"registrationId":1915809105,"currentRatchet":{"ephemeralKeyPair":{"pubKey":"BZuuMhGP7l09XxSJxWkPjQ6Ce6hlbdior1y4ui8bswhn","privKey":"MHX6fzNCgZu3Br2H5bHpflYErRTfxf7Ycv8KGqm183U="},"lastRemoteEphemeralKey":"Bc3RghcbL42GXgLK3OCeoTQBSid2G4ScZh3bpGp5SzMY","previousCounter":0,"rootKey":"xdN+5XFYIQv3ztro23GW+bt4VREe+309C0TeJwthl9A="},"indexInfo":{"baseKey":"BeFYI07FNNZC8oTV23l0ZKpzVNx5vgJskMY9N2VwGy91","baseKeyType":2,"closed":-1,"used":1768119476543,"created":1768119476543,"remoteIdentityKey":"BRMamqJoeK5S8o2Ihvr9kYYtznHH9N9PZIxo5ikx0kcn"},"_chains":{"Bc3RghcbL42GXgLK3OCeoTQBSid2G4ScZh3bpGp5SzMY":{"chainKey":{"counter":0,"key":"foXNEb2vujZs7nuixTuwcFlw3+E+FrlO+nWXv09/OS8="},"chainType":2,"messageKeys":{}},"BZuuMhGP7l09XxSJxWkPjQ6Ce6hlbdior1y4ui8bswhn":{"chainKey":{"counter":-1,"key":"yXub7NmR/+gF73TXQJToQ+xzh/uGzsPnAdtVp65uiXk="},"chainType":1,"messageKeys":{}}}}},"version":"v1"}