{"_sessions":{"BWQMFh9gAAGqlo9O/FVqwqLdVlXfpakNcCVhosygyKMz":{"registrationId":1167391492,"currentRatchet":{"ephemeralKeyPair":{"pubKey":"BVabEbaGxWeohjfGee5OeLidpC8IIKTRyx4pl9OS5oRU","privKey":"AMDZe+Tgy1HXrQ5WqrZn1FvpdkqXnA7/5JX9BU8xf3Y="},"lastRemoteEphemeralKey":"BUt+mGvXJqYWx9TOllCivubmVOplqtc59uJvD8KhsyEr","previousCounter":0,"rootKey":"nr3eiZucBgSTNhV0M7EU2LnTocUqxYMMSLo4CzMykXY="},"indexInfo":{"baseKey":"BWQMFh9gAAGqlo9O/FVqwqLdVlXfpakNcCVhosygyKMz","baseKeyType":2,"closed":1768115527178,"used":1768014347260,"created":1768014347260,"remoteIdentityKey":"BXFXUom9amNrlF/lbkdtnZt0DBOpY+mPwZQnCtrfn7wV"},"_chains":{"BUt+mGvXJqYWx9TOllCivubmVOplqtc59uJvD8KhsyEr":{"chainKey":{"counter":0,"key":"uw/yq/plkPiyFCKj+BOsVt8yUW8gGhnbofpJ+eOBVM0="},"chainType":2,"messageKeys":{}},"BVabEbaGxWeohjfGee5OeLidpC8IIKTRyx4pl9OS5oRU":{"chainKey":{"counter":-1,"key":"YzaROKnf2kYC6qShvC2fg/sSU/xjQG/avoVgBUitaIM="},"chainType":1,"messageKeys":{}}}},"BcohRuXVvbPFhGjJQN2vl0hAvO7s4Oe86vTsFup+vw98":{"registrationId":1167391492,"currentRatchet":{"ephemeralKeyPair":{"pubKey":"BUYfJe2Ax2wGiX4Kr6CcXtGcG/LEYsU4TbcgIqp2BdAR","privKey":"MN0QScfbLd56RpaamcWh2UMaeG9Zop+MlJjlZeaH+m8="},"lastRemoteEphemeralKey":"BW0A38MlO/Vpe+L3LffCbHxJEqTynRSBR24/1B+Z24s0","previousCounter":0,"rootKey":"FbCGaI3hJA9hJ5czDnjbYR2ekwT7VB0ewYJkL7DdNPg="},"indexInfo":{"baseKey":"BcohRuXVvbPFhGjJQN2vl0hAvO7s4Oe86vTsFup+vw98","baseKeyType":2,"closed":-1,"used":1768115527179,"created":1768115527179,"remoteIdentityKey":"BXFXUom9amNrlF/lbkdtnZt0DBOpY+mPwZQnCtrfn7wV"},"_chains":{"BW0A38MlO/Vpe+L3LffCbHxJEqTynRSBR24/1B+Z24s0":{"chainKey":{"counter":0,"key":"KNdEtoYqO7xSW7wgfMFkCZkdotMzpfYqWFx5weu7rJE="},"chainType":2,"messageKeys":{}},"BUYfJe2Ax2wGiX4Kr6CcXtGcG/LEYsU4TbcgIqp2BdAR":{"chainKey":{"counter":-1,"key":"ThJ/0T/cTgnPnKDwDDN3g1ndR0ylFWBHpkwoMk8xna4="},"chainType":1,"messageKeys":{}}}}},"version":"v1"}