{"_sessions":{"BTL+gNU8oU+afVLPYFSux2vNGWCfPZk1/qB5Pg0dmNAQ":{"registrationId":243870298,"currentRatchet":{"ephemeralKeyPair":{"pubKey":"BcTwgZtXaAytuT82zb/QUpvl8xwHkd4CWd3IZNqWhRtu","privKey":"ECUL8DnHp9xNT+w/T4p2jn2KYjC3PDtLab6kkyheGVY="},"lastRemoteEphemeralKey":"BdmPRd9REugJa3akjA6GAWnfpvW17K4hvbDhIL32kP9q","previousCounter":0,"rootKey":"+1Q/mDT+nV2Q99I0D0FWnB12hoFq/B0Xa+kAav/5QiY="},"indexInfo":{"baseKey":"BTL+gNU8oU+afVLPYFSux2vNGWCfPZk1/qB5Pg0dmNAQ","baseKeyType":2,"closed":1768031116558,"used":1768030574179,"created":1768030574179,"remoteIdentityKey":"BROwE1PNY+HBiu48JNuzkUSUajag09TLQUaipyRak8or"},"_chains":{"BdmPRd9REugJa3akjA6GAWnfpvW17K4hvbDhIL32kP9q":{"chainKey":{"counter":0,"key":"n2dmvmwzNnMT0tmMKRmDIHgqyCEUkpkxmqXCP2kIHCI="},"chainType":2,"messageKeys":{}},"BcTwgZtXaAytuT82zb/QUpvl8xwHkd4CWd3IZNqWhRtu":{"chainKey":{"counter":-1,"key":"ljo+4JPqzAL9rxi56kSIEYsW5LkCWK53IjOKDbucrFU="},"chainType":1,"messageKeys":{}}}},"BRFAGiTIZlNIOowhzpsJZ1tOBQeRrhh1WVGQr+mulB4n":{"registrationId":243870298,"currentRatchet":{"ephemeralKeyPair":{"pubKey":"BXhnz+N+zc3a1wA9DdIHK/RVnRiGczDjQ4ccbggEEoEr","privKey":"wISRpxl3+gv3dvtGs+yuNDt4kl87fYRwVfSznJzjw2Q="},"lastRemoteEphemeralKey":"BbCklzitCRXd9lTtxY9g7byjQmxhMCE2NcdlCVow3lBS","previousCounter":0,"rootKey":"pRpR+WmnvRLxWVl8399aHquVtwk0H2fIC7yQfgK5Sso="},"indexInfo":{"baseKey":"BRFAGiTIZlNIOowhzpsJZ1tOBQeRrhh1WVGQr+mulB4n","baseKeyType":2,"closed":-1,"used":1768031116558,"created":1768031116558,"remoteIdentityKey":"BROwE1PNY+HBiu48JNuzkUSUajag09TLQUaipyRak8or"},"_chains":{"BbCklzitCRXd9lTtxY9g7byjQmxhMCE2NcdlCVow3lBS":{"chainKey":{"counter":0,"key":"MIjgdp6kinyvkyo5yecr4dzwjS/tkKmAywjghud6O2I="},"chainType":2,"messageKeys":{}},"BXhnz+N+zc3a1wA9DdIHK/RVnRiGczDjQ4ccbggEEoEr":{"chainKey":{"counter":-1,"key":"4kFOjHjBdGVjU8kQ/1plGNLyzpudsPcmhojjul+TaIk="},"chainType":1,"messageKeys":{}}}}},"version":"v1"}