{"_sessions":{"BSnwMwEv0CYEC1rYihRaEqelQnqMGUJAdHC2sGlN98gL":{"registrationId":1772082,"currentRatchet":{"ephemeralKeyPair":{"pubKey":"BesrUgeoSCR/PRKu9XADRlC+75YzMVx7nZVTFIbrTYkf","privKey":"MKupxloqMxd9efunptN78YNhvFtbHexu0f+4yIAtt2Y="},"lastRemoteEphemeralKey":"BdcqWI8fy2ggHqsYtq6y/tR/G6OQLg6hJdG/rbKURIUt","previousCounter":0,"rootKey":"FH9d7Sai8bLdFTKZe1PVtYlYvgJ4/rBhbxuIsw5jLDg="},"indexInfo":{"baseKey":"BSnwMwEv0CYEC1rYihRaEqelQnqMGUJAdHC2sGlN98gL","baseKeyType":2,"closed":-1,"used":1768103372832,"created":1768103372832,"remoteIdentityKey":"BTGxKzQfZG/NcYT9xa4lG2pLmdCF5O+h5Sobyv/zCkV/"},"_chains":{"BdcqWI8fy2ggHqsYtq6y/tR/G6OQLg6hJdG/rbKURIUt":{"chainKey":{"counter":0,"key":"RW+WuK/CRJad6DqALyjBHEyGHkziVj+A46aA+lmkqKA="},"chainType":2,"messageKeys":{}},"BesrUgeoSCR/PRKu9XADRlC+75YzMVx7nZVTFIbrTYkf":{"chainKey":{"counter":-1,"key":"EXZphH4XdK12vuyqbFz20UVtNlTVJiG4l/r2zSO9nPo="},"chainType":1,"messageKeys":{}}}}},"version":"v1"}