{"_sessions":{"BWrep90FMRk7pYZAq74H9pi1fsfeuwo7qqdenK1obqBR":{"registrationId":1297977689,"currentRatchet":{"ephemeralKeyPair":{"pubKey":"BeJbd0TkSCOuW0I9nic+UNR6uY4npNVNXKKTSWinBwcQ","privKey":"CEZq/bUuyWwiXAig9HmxNIiALJz12ZeddFJJO1yHUnE="},"lastRemoteEphemeralKey":"BVAaZtA4McEoin1aaKtGjn1xk+22tjL/Mvxkf8LsAjlS","previousCounter":0,"rootKey":"ehUAvGix+yGZF85mTqSo4S+7FBKv2tDc8FudgD4jZP4="},"indexInfo":{"baseKey":"BWrep90FMRk7pYZAq74H9pi1fsfeuwo7qqdenK1obqBR","baseKeyType":2,"closed":-1,"used":1768125152616,"created":1768125152616,"remoteIdentityKey":"BYGhkqy2xEqawEOwk8d2r6KKFMbVx0wkqBjLG8YThKxR"},"_chains":{"BVAaZtA4McEoin1aaKtGjn1xk+22tjL/Mvxkf8LsAjlS":{"chainKey":{"counter":0,"key":"+nobl0yR2Lsfseet6fbX0K0Cwt/FdBIItvkA0qcwQF8="},"chainType":2,"messageKeys":{}},"BeJbd0TkSCOuW0I9nic+UNR6uY4npNVNXKKTSWinBwcQ":{"chainKey":{"counter":-1,"key":"Ihb4qmXaq09Q1nNOZfPmWOggfbtnMIRuWvXeLnhqlxc="},"chainType":1,"messageKeys":{}}}}},"version":"v1"}