{"_sessions":{"BTOIsdxBtcE3SRrHqPOVzcWuU7/vNk33lGyc9Wp2KDJO":{"registrationId":198387753,"currentRatchet":{"ephemeralKeyPair":{"pubKey":"BYyci6BbH/heUZMam364HAGl6kdT7dQ+VelF63+0MwFI","privKey":"WPnbpDxxv3bdp0Torg4ZGW0FIO//NSNEPXnBTGSr93E="},"lastRemoteEphemeralKey":"BTQdNQgBAxDdYHw+oatRCXHt0b95WfbDnZJ4xK+XPnMV","previousCounter":0,"rootKey":"eaXNLakx645UrmdPUxKPBu8mLqtDZsvVfWamkhSLOkw="},"indexInfo":{"baseKey":"BTOIsdxBtcE3SRrHqPOVzcWuU7/vNk33lGyc9Wp2KDJO","baseKeyType":2,"closed":-1,"used":1768032185588,"created":1768032185588,"remoteIdentityKey":"BQX1+PMHeKioET7LUD0NcK8Iq4jcV0zYIQNwRhXKe05r"},"_chains":{"BTQdNQgBAxDdYHw+oatRCXHt0b95WfbDnZJ4xK+XPnMV":{"chainKey":{"counter":1,"key":"4ZZ4cXVS5uRUgeqROEAPEXeSEHcNkDvASNFORrwPxRY="},"chainType":2,"messageKeys":{}},"BYyci6BbH/heUZMam364HAGl6kdT7dQ+VelF63+0MwFI":{"chainKey":{"counter":-1,"key":"SKIB/McvK4qbkhTo1rWwskzAjDlQrS5TpxjkuiN7e1I="},"chainType":1,"messageKeys":{}}}}},"version":"v1"}