{"_sessions":{"Ba42aL71bLQSsztE1Us2mxMcv2yLzKp5Npq1BLHpOCgm":{"registrationId":1381048495,"currentRatchet":{"ephemeralKeyPair":{"pubKey":"BRVK1WUqRqwmGsjFNA2FxXpveLvW6fBjKndc0Asjd2w6","privKey":"+MdOHJGQlXalEyONWhVXD0c1Xv5Bk7GMQ2FS8P3FzXs="},"lastRemoteEphemeralKey":"BYP4g25JN0buM3FQGIvwQ2E2Pc277yTakvAE09GFCIwk","previousCounter":0,"rootKey":"hB2cge3z6TQ6hQGk7yCoiHuwZlizY9UL1Zk2APeilO8="},"indexInfo":{"baseKey":"Ba42aL71bLQSsztE1Us2mxMcv2yLzKp5Npq1BLHpOCgm","baseKeyType":2,"closed":-1,"used":1768025936691,"created":1768025936691,"remoteIdentityKey":"BZXtpjlaTcyvZFBC5N5d0YUIW3tMT6CTU0L7eWd1TglU"},"_chains":{"BYP4g25JN0buM3FQGIvwQ2E2Pc277yTakvAE09GFCIwk":{"chainKey":{"counter":6,"key":"r28aECh3ORG2wYBIjS/OYzjJaJL04ftLoDoYboqpfE4="},"chainType":2,"messageKeys":{"1":"tZwyuC5lCe0gYL8BVJynH7QGhGUlGQzXSZa1nBvM+JE=","2":"1NWU4a0IzkzeoIXRGUcnOBjmC8i1LA5yOykat3J7IxA=","3":"9lNnq9x/2crwhOAzc7v7GYn0vXadJp7k8G7hz7sBmfg=","4":"zkEqUSsMl2qqXB3uHJvUDxamn7kfEL9pb72naSgJyNw=","5":"SwKiSei12Uwq4s3IU3fpHkgs1dr+N1EJtBlNRymOOXY="}},"BRVK1WUqRqwmGsjFNA2FxXpveLvW6fBjKndc0Asjd2w6":{"chainKey":{"counter":-1,"key":"wBZhVmkAIbGBsMu967bEg2tN4ure8aw8WreG/yFtIAE="},"chainType":1,"messageKeys":{}}}}},"version":"v1"}