{"_sessions":{"BWwyMkA/N+GtETH415QXv7LmmWEIfPKrLR/ciwtQfPwU":{"registrationId":593850337,"currentRatchet":{"ephemeralKeyPair":{"pubKey":"BaGAraZ7F8TUVBEg43lGIR7HhqG6L5vOQQOLTKqQnjtz","privKey":"8DtKGg0hjHK5R1CNTmFGdZEnwd5edgUyTSOHma4S2lA="},"lastRemoteEphemeralKey":"BRmD+L+as3EHmxj1blRhA5ei5/zMnPS0Hxuif1TQAFY6","previousCounter":0,"rootKey":"EJzNcd41jbX7ibtw8DSuzBvK65p7FXhr+rviwL0Q5rM="},"indexInfo":{"baseKey":"BWwyMkA/N+GtETH415QXv7LmmWEIfPKrLR/ciwtQfPwU","baseKeyType":2,"closed":-1,"used":1768129016939,"created":1768129016939,"remoteIdentityKey":"BQVpbWdGnMVaE3gnaCZOVGBK3NYlBRMQY4O+4GNfo3Ux"},"_chains":{"BRmD+L+as3EHmxj1blRhA5ei5/zMnPS0Hxuif1TQAFY6":{"chainKey":{"counter":0,"key":"a0CuDnkeXA0WL/HHhiFsyTYhZC7WtvxN+CmKZivsajo="},"chainType":2,"messageKeys":{}},"BaGAraZ7F8TUVBEg43lGIR7HhqG6L5vOQQOLTKqQnjtz":{"chainKey":{"counter":-1,"key":"Tdn7gL5KFU/LwIdrdRCTFkXbOCSMgxyn14r3D4D4DfA="},"chainType":1,"messageKeys":{}}}}},"version":"v1"}