{"_sessions":{"Be+c/KxZ7PtKsrz19N6fy9e70nOKrZfIEEfjMVPGsmkq":{"registrationId":1127683821,"currentRatchet":{"ephemeralKeyPair":{"pubKey":"BSZGCVQsJNvVP9CrrHXcDr4a36agzfCZDEGowHrQGpx4","privKey":"EPFxCZU9eQLJ+Q5Cvyq1qK7vWgiQfTKox8oPqDr5tG8="},"lastRemoteEphemeralKey":"BVTU6YYeylqKZ1fwjxhGhgtsXgrv4i5EHrPcjcuXHyJN","previousCounter":0,"rootKey":"Ttq9NcjzhypT2RLa1mnyhN1pSdsIBWQ4nZhHMP1F1Zg="},"indexInfo":{"baseKey":"Be+c/KxZ7PtKsrz19N6fy9e70nOKrZfIEEfjMVPGsmkq","baseKeyType":2,"closed":-1,"used":1768103074646,"created":1768103074646,"remoteIdentityKey":"BSD6PjITOw6i8E3gA1TWDOowRWvZgA7A51vXgQw5MqEJ"},"_chains":{"BVTU6YYeylqKZ1fwjxhGhgtsXgrv4i5EHrPcjcuXHyJN":{"chainKey":{"counter":0,"key":"36xgtrh8HvqrceJE3AQBII1ZzJue1c2jTU1cdg6VCBQ="},"chainType":2,"messageKeys":{}},"BSZGCVQsJNvVP9CrrHXcDr4a36agzfCZDEGowHrQGpx4":{"chainKey":{"counter":-1,"key":"ZYBAAbK6SUQH/c9LLCLj7F28wUAk9eHBDE2l0sKB0AE="},"chainType":1,"messageKeys":{}}}}},"version":"v1"}