{"_sessions":{"BeQzvdI2xRWG8XaNgpIBuGq/DazciTSdFq1lUd6MROBG":{"registrationId":438903099,"currentRatchet":{"ephemeralKeyPair":{"pubKey":"BRZAS5gEujWDlw9Dj4TSSIcIUDhSy3QBn4/BVUCgv8I0","privKey":"wPB7NBxMG654KNtkn3OguVLPQtEh8YsOSwxL4xuJu3Y="},"lastRemoteEphemeralKey":"Bew6OVJXF9oApfaLbnrtW7teWdSMzfeZyqg8pf34sacr","previousCounter":0,"rootKey":"jcQfNbQ5Q4Dct2Hh5YYZBdJaWHjr2KPIBWqMUSnDeKg="},"indexInfo":{"baseKey":"BeQzvdI2xRWG8XaNgpIBuGq/DazciTSdFq1lUd6MROBG","baseKeyType":1,"closed":-1,"used":1768056572767,"created":1768056572767,"remoteIdentityKey":"BU3yQH0iHFFIe7i7mY7JiRwdrved4bfmXAGjV1FqowMV"},"_chains":{"BRZAS5gEujWDlw9Dj4TSSIcIUDhSy3QBn4/BVUCgv8I0":{"chainKey":{"counter":10,"key":"57ERxpOlEZ0H+T6EGB32Gu3Y951V7mV1Nly28PQgyQA="},"chainType":1,"messageKeys":{}}},"pendingPreKey":{"signedKeyId":13782594,"baseKey":"BeQzvdI2xRWG8XaNgpIBuGq/DazciTSdFq1lUd6MROBG","preKeyId":2077345}}},"version":"v1"}