{"_sessions":{"BSnOvo+iuOK6JUowBM2HyUpsFEhFNbHTsDaLTsp+q+AR":{"registrationId":1615615042,"currentRatchet":{"ephemeralKeyPair":{"pubKey":"Bb73EI8DPagM6qZa9yhIbtiZ5O3jsuiE6hA/nahoZw9D","privKey":"UCxS6ILlaopGfVyzKJE9Mf0/RRgOet8G+Kw7u/6GaXE="},"lastRemoteEphemeralKey":"BSwLy2rbK9FR5RrlPpQsN0OgPYgtoxjMgGIQDdfmTboq","previousCounter":0,"rootKey":"+RjFl3V1x3404H000Znvs6Ltb0L/dCpHbgTITSF9KgI="},"indexInfo":{"baseKey":"BSnOvo+iuOK6JUowBM2HyUpsFEhFNbHTsDaLTsp+q+AR","baseKeyType":2,"closed":1768042146111,"used":1768008795056,"created":1768008795056,"remoteIdentityKey":"BfRaTOjQPRUOKNraz8P8tZEtmUHOwqj1JTVX5btJVIh0"},"_chains":{"BSwLy2rbK9FR5RrlPpQsN0OgPYgtoxjMgGIQDdfmTboq":{"chainKey":{"counter":7,"key":"mKu++Gzp0U3HVDbHV7lhyVptBZkwC8zNApK8Y4FQaOE="},"chainType":2,"messageKeys":{}},"Bb73EI8DPagM6qZa9yhIbtiZ5O3jsuiE6hA/nahoZw9D":{"chainKey":{"counter":-1,"key":"O0gCJK1+cTZjwQbJi5yF8AJbpdDdRa72I5frDW9GbeQ="},"chainType":1,"messageKeys":{}}}},"Bagfkz+tGOBqrXbqfydAwesUjWOf6CACz+G1OCk57esC":{"registrationId":1615615042,"currentRatchet":{"ephemeralKeyPair":{"pubKey":"Bc/CpJOi231lMTuT6NxnnpgwZojoUYuFvLu5Mo0Ul08s","privKey":"MBo4cn+zeC5iBRpcJtusjvXo+KwQB100qv1fYoAo8Wc="},"lastRemoteEphemeralKey":"BaLB3b/fn/vh9WYL7qsWkGkD28CE6Ox6k1jwyZFAHCZu","previousCounter":0,"rootKey":"LVEz0IBPZtkuMQmGe+V2URv5RgVHSOF3i2cwVBNpJsA="},"indexInfo":{"baseKey":"Bagfkz+tGOBqrXbqfydAwesUjWOf6CACz+G1OCk57esC","baseKeyType":2,"closed":1768042146418,"used":1768042146112,"created":1768042146112,"remoteIdentityKey":"BfRaTOjQPRUOKNraz8P8tZEtmUHOwqj1JTVX5btJVIh0"},"_chains":{"BaLB3b/fn/vh9WYL7qsWkGkD28CE6Ox6k1jwyZFAHCZu":{"chainKey":{"counter":0,"key":"vpkq2ZYGzTOMBRgUB8kXolzoD0g8fs0YtP7gAv7okRM="},"chainType":2,"messageKeys":{}},"Bc/CpJOi231lMTuT6NxnnpgwZojoUYuFvLu5Mo0Ul08s":{"chainKey":{"counter":-1,"key":"d3G92rFPUoWRtcbz8bAKr21ftxk6H0VnLRQOc11xT1g="},"chainType":1,"messageKeys":{}}}},"BWxHAwNeg4DT91+k9blXSOD8DC1VjFyZoJFtDtmQ8Gtk":{"registrationId":1615615042,"currentRatchet":{"ephemeralKeyPair":{"pubKey":"BWhznDw0BcC0jvqFSuqI36/94QOiLbrdE/bOz+HI4JM+","privKey":"0E+OCLQzhswI3FXCTGeo8v71gXaT45aiwUgO3Uqf3XM="},"lastRemoteEphemeralKey":"BTQpq2UW81f5rYn31ymb2ukWPzqKijR8+tj7/7chVL9M","previousCounter":0,"rootKey":"CFdMWQJMET4zMjg48jELcP7Qqx216dHlqI2iGmXDnaI="},"indexInfo":{"baseKey":"BWxHAwNeg4DT91+k9blXSOD8DC1VjFyZoJFtDtmQ8Gtk","baseKeyType":2,"closed":1768101906187,"used":1768042146419,"created":1768042146419,"remoteIdentityKey":"BfRaTOjQPRUOKNraz8P8tZEtmUHOwqj1JTVX5btJVIh0"},"_chains":{"BTQpq2UW81f5rYn31ymb2ukWPzqKijR8+tj7/7chVL9M":{"chainKey":{"counter":3,"key":"SzDVHdWAWRW6sqPH+QkMBc6bFx+ONP5h+BkVfcqRzWI="},"chainType":2,"messageKeys":{}},"BWhznDw0BcC0jvqFSuqI36/94QOiLbrdE/bOz+HI4JM+":{"chainKey":{"counter":-1,"key":"nnBEhZZhi4mokkVCqn+6GDIAszqaayXuifXcvKThlGw="},"chainType":1,"messageKeys":{}}}},"Ba4XfWH7I5u3WViqjEyekhu0PbDOF5M7S9jAzHctU/IS":{"registrationId":1615615042,"currentRatchet":{"ephemeralKeyPair":{"pubKey":"BVXNG1AUGDBTxUcetJRt+KrQD17cMC/jkIZmkkl+TRcG","privKey":"yDiORoQm2V7nCXag6vQkc53P5h2AhKKhrPFWgnKLS18="},"lastRemoteEphemeralKey":"BSTCJzXo/TPp3DZk/uoPd+JPKrdlM00JqH1EDfsXY+E8","previousCounter":0,"rootKey":"+ubvQY3JM8BN9Ooqj/IVztaIl/YhJXBYaXAjMOl43Wc="},"indexInfo":{"baseKey":"Ba4XfWH7I5u3WViqjEyekhu0PbDOF5M7S9jAzHctU/IS","baseKeyType":2,"closed":-1,"used":1768101906188,"created":1768101906188,"remoteIdentityKey":"BfRaTOjQPRUOKNraz8P8tZEtmUHOwqj1JTVX5btJVIh0"},"_chains":{"BSTCJzXo/TPp3DZk/uoPd+JPKrdlM00JqH1EDfsXY+E8":{"chainKey":{"counter":16,"key":"RS2F/d07DonmZ/xQIcK3VS96Wh1z6z43GNddqRdNaOk="},"chainType":2,"messageKeys":{}},"BVXNG1AUGDBTxUcetJRt+KrQD17cMC/jkIZmkkl+TRcG":{"chainKey":{"counter":-1,"key":"+XvA72IN7tMVL//3tltJh1dlvQvmobb1QuI34qqzH1c="},"chainType":1,"messageKeys":{}}}}},"version":"v1"}