{"_sessions":{"BccKHkQpFIRHQQaMHu5DhPGZFnyUjxOHSb7PjEgkM5JG":{"registrationId":243870298,"currentRatchet":{"ephemeralKeyPair":{"pubKey":"BQ4MqavhrJWvfxRoCFbMP6GhCzUOp0Umuh1zIEZlywUD","privKey":"qFOVUTsN9LSbWggc0g0gQQ1Xw0usP7+gsvVoc2hOz0o="},"lastRemoteEphemeralKey":"BQGGphUVUF4xO/pX89oLfZDGdhL0XqA5SU41O6HHX2J0","previousCounter":0,"rootKey":"ZbTddg6ZJwiYK3mvojcAF3+z9Z493Drsqmdsdff16gw="},"indexInfo":{"baseKey":"BccKHkQpFIRHQQaMHu5DhPGZFnyUjxOHSb7PjEgkM5JG","baseKeyType":2,"closed":-1,"used":1768030585448,"created":1768030585448,"remoteIdentityKey":"BROwE1PNY+HBiu48JNuzkUSUajag09TLQUaipyRak8or"},"_chains":{"BQGGphUVUF4xO/pX89oLfZDGdhL0XqA5SU41O6HHX2J0":{"chainKey":{"counter":0,"key":"uZQ3rsu3gdSmCp9gHN6r9NZZbzb/RRlOruuaaUxAqOU="},"chainType":2,"messageKeys":{}},"BQ4MqavhrJWvfxRoCFbMP6GhCzUOp0Umuh1zIEZlywUD":{"chainKey":{"counter":-1,"key":"0JD+ZQdqyPzup5TIxNwNdqPj9rU5n0eJ4sEXNKM9+KI="},"chainType":1,"messageKeys":{}}}}},"version":"v1"}