{"_sessions":{"BZ294NNObxdOJZxEF9PFddIb2ciFzI5zdyqZ+X3N6SNo":{"registrationId":1243507364,"currentRatchet":{"ephemeralKeyPair":{"pubKey":"BaKIwgvpOBXBHw7uanm27dL/WSxjfEtM9n1CBZHB6wsk","privKey":"EFasplh5I8csMlguurf3vvFDngq26YkK+NQagawVt3E="},"lastRemoteEphemeralKey":"BY23S/ClPmeEPm9lErltajID164acy0P1Eu8AJf7+8Mp","previousCounter":0,"rootKey":"0oJK2sfpI/++kUmq1/a7fwoMNhrBYZ3UVbKVS68m4zI="},"indexInfo":{"baseKey":"BZ294NNObxdOJZxEF9PFddIb2ciFzI5zdyqZ+X3N6SNo","baseKeyType":2,"closed":-1,"used":1768013733238,"created":1768013733238,"remoteIdentityKey":"BWCiw+L3QYsGcXpmfQky8FH6GtA8v7UCgBFMkkT03bJ2"},"_chains":{"BY23S/ClPmeEPm9lErltajID164acy0P1Eu8AJf7+8Mp":{"chainKey":{"counter":1,"key":"ymsuvKXAfJLRPdPsjzjZfEyUr2gqn6JSitZgm4AHMik="},"chainType":2,"messageKeys":{}},"BaKIwgvpOBXBHw7uanm27dL/WSxjfEtM9n1CBZHB6wsk":{"chainKey":{"counter":-1,"key":"b2BcrDuksVMdCjHf4maMxOvkWGihOGEQDVEUeqEFN6k="},"chainType":1,"messageKeys":{}}}}},"version":"v1"}