{"_sessions":{"Be4ZqhA8fZviiTvOCLiILABmUrvqPnT8FxXSPozw/rsN":{"registrationId":1682132872,"currentRatchet":{"ephemeralKeyPair":{"pubKey":"Bevzr6wfKpYaiIvduzmYZQUytgfiLYhOTbEOG4Xf9r4u","privKey":"EA7bjsbXFZWLSsTVIUxwXkG5RGYEfOwA0i4hFfRjdkM="},"lastRemoteEphemeralKey":"BahgAI84Qu+rT1X8mzSc/ABCxolBmXd5beX+UTkuu9AY","previousCounter":0,"rootKey":"+wsajY6Hw8DwqKdJzDaoF9KzNuhXhVUbP90NLFp6LDE="},"indexInfo":{"baseKey":"Be4ZqhA8fZviiTvOCLiILABmUrvqPnT8FxXSPozw/rsN","baseKeyType":2,"closed":-1,"used":1768071496875,"created":1768071496875,"remoteIdentityKey":"BRgI14DNbxm/bGUaGOQ2ujkbraxWaP9igxm0pyN9IZti"},"_chains":{"BahgAI84Qu+rT1X8mzSc/ABCxolBmXd5beX+UTkuu9AY":{"chainKey":{"counter":0,"key":"eXPAoO4pYXlQAmGzTTZwzhizrZICh7LCJB1JqTpB9EY="},"chainType":2,"messageKeys":{}},"Bevzr6wfKpYaiIvduzmYZQUytgfiLYhOTbEOG4Xf9r4u":{"chainKey":{"counter":-1,"key":"4UwltJgPp1yxKGNBIkZ6bzWiLw+WaGp7cbnjU12DN3o="},"chainType":1,"messageKeys":{}}}}},"version":"v1"}