{"_sessions":{"BYIY6opZDVDHxKoNEVQ831hHKW3vb6V5IQ/m7bOE/Ltt":{"registrationId":1897544697,"currentRatchet":{"ephemeralKeyPair":{"pubKey":"BZ+2mtRh5iptoOPGBnEq4C9OoFV/zvTM2xcfmmn+ALBB","privKey":"EIRiH4yny8xeKOsY9nlLQmULVI4WO1627E4pn05hrHs="},"lastRemoteEphemeralKey":"BZIZCZO7KqszVs+8XG9c2cJ5+KYEl48S+SpElDwNElMU","previousCounter":0,"rootKey":"4mC5PQEihpUETEjbAstkO7OeYJLc1/UwE0IpANfVAfE="},"indexInfo":{"baseKey":"BYIY6opZDVDHxKoNEVQ831hHKW3vb6V5IQ/m7bOE/Ltt","baseKeyType":2,"closed":-1,"used":1768032208784,"created":1768032208784,"remoteIdentityKey":"BeCNu0Yzg4xd7dgOp735hufLjSP+lpzIDbyUUfH9RtoB"},"_chains":{"BZIZCZO7KqszVs+8XG9c2cJ5+KYEl48S+SpElDwNElMU":{"chainKey":{"counter":0,"key":"qwXgDXL/lj7zLbdGlx+DIN5FEIwpKvHcxsDF3x14GNY="},"chainType":2,"messageKeys":{}},"BZ+2mtRh5iptoOPGBnEq4C9OoFV/zvTM2xcfmmn+ALBB":{"chainKey":{"counter":-1,"key":"rX7sxZTmk5wU+xSFFT9goxDLnaJhaL5mv8OKJQ0E9sc="},"chainType":1,"messageKeys":{}}}}},"version":"v1"}