{"_sessions":{"BSnDVhp4+LjMSaPhJiVxb2LYAqoxNok2ofll9cwWMUxb":{"registrationId":1792545518,"currentRatchet":{"ephemeralKeyPair":{"pubKey":"BXiKt1xH3WDwzK9bBWj6OSnr9jKbz2T1q1SZTGBImKZG","privKey":"ELzh1kqXA0AGIsd01lntKvwXao4WoQ2W/OdXDO1eT2Q="},"lastRemoteEphemeralKey":"BZXrdFqCmLsTnOhB5mSQeFIB8H8+m9s3iKo37JyqbXsh","previousCounter":0,"rootKey":"K4hfr2BfLV99bI8fVkMau8/qU15/9HirTr6lPROmjW4="},"indexInfo":{"baseKey":"BSnDVhp4+LjMSaPhJiVxb2LYAqoxNok2ofll9cwWMUxb","baseKeyType":2,"closed":-1,"used":1768059709209,"created":1768059709209,"remoteIdentityKey":"BZRyYiLsvKx+GRi3rADDmzl28TE/xtfnCg/PDGFiAV9p"},"_chains":{"BZXrdFqCmLsTnOhB5mSQeFIB8H8+m9s3iKo37JyqbXsh":{"chainKey":{"counter":0,"key":"xcXn4WfenTVBnXGIqKLP3QY1JXNe/OVu/smrE9cbCnI="},"chainType":2,"messageKeys":{}},"BXiKt1xH3WDwzK9bBWj6OSnr9jKbz2T1q1SZTGBImKZG":{"chainKey":{"counter":-1,"key":"zVhio+olSKGYtz09E9HShLqBhK+pcwAmwf5gRWUeVTs="},"chainType":1,"messageKeys":{}}}}},"version":"v1"}