{"_sessions":{"BWx6ZhvAFqp5flno34TcMOfiArHx6cVOdZwm2mr4RAUk":{"registrationId":2016984104,"currentRatchet":{"ephemeralKeyPair":{"pubKey":"BfJrKb4a1DeA0Ad/FbpPu7mzAfJCs0KreIbiZR6M+Qcc","privKey":"8H72NU2URRJLsJY3NLrTtji3x7GWE6rzkMEUMwnKwn0="},"lastRemoteEphemeralKey":"BYi/E2SlLm9hb1RYqsRR+24ihy8TvWe8L6Bx7YsZsexb","previousCounter":0,"rootKey":"1ODWcsVUhaODwj4leimeGTURyLGRSTL25qRp0Vw1viY="},"indexInfo":{"baseKey":"BWx6ZhvAFqp5flno34TcMOfiArHx6cVOdZwm2mr4RAUk","baseKeyType":2,"closed":-1,"used":1768045929946,"created":1768045929946,"remoteIdentityKey":"BaeCVUrrpn8ydggYIt1/OxuUhLmVd933Kld02QUtBUhA"},"_chains":{"BYi/E2SlLm9hb1RYqsRR+24ihy8TvWe8L6Bx7YsZsexb":{"chainKey":{"counter":3,"key":"X2SAIoV5l1OAsBV/a/GnxAQmQj0lOkh/ZqWhcvFRUok="},"chainType":2,"messageKeys":{"1":"FsYYWFrYzY0qQuiIFskscnAK+nwZUx5Deoi8kxkovFg=","2":"N2vPlQAafuCeGZowpKs8xWn0SfzjWzb49KAI4ejpLBA="}},"BfJrKb4a1DeA0Ad/FbpPu7mzAfJCs0KreIbiZR6M+Qcc":{"chainKey":{"counter":-1,"key":"5cIxWSFWBPK3tKle4BAQeIBGmbK51N1uJV3kpjjEpOM="},"chainType":1,"messageKeys":{}}}}},"version":"v1"}