{"_sessions":{"BXqrFwreC/Fvu13XpsxVQ11O+lhaL2bcf40IBKvyclQ0":{"registrationId":158,"currentRatchet":{"ephemeralKeyPair":{"pubKey":"BexnsEM6oxB22V4mGBAUqNTJal/9+KXVJ+EHmo1KaPhG","privKey":"YPRAP3+JtEwxE7faQ69fSUEEj+YKOzX1XN53rtXywEY="},"lastRemoteEphemeralKey":"BeKMJ8YLTDE6J2fazIesNjWOndFzx1/0soB+bWKug4AU","previousCounter":0,"rootKey":"C2a4tKebi/1/Ct+bibsQv71NBeeDffmpRxXK8dERXmA="},"indexInfo":{"baseKey":"BXqrFwreC/Fvu13XpsxVQ11O+lhaL2bcf40IBKvyclQ0","baseKeyType":1,"closed":1768034755706,"used":1768033472254,"created":1768008761211,"remoteIdentityKey":"BYFNktduXfpyppLVUhX7Uz62ixUctqP/mGnllCmli4Ir"},"_chains":{"BWAO6rxgwZL2TqKwe3meCPFip9ujCFt8Mcyte9oHDSxA":{"chainKey":{"counter":78},"chainType":2,"messageKeys":{"0":"Zd1jDazXVj4GejpXEnXVAHgv5ftR7tD3b+HvHHSgzz0=","1":"7Jm2ivHN3bXp0OviSYZtB1ONdm+R9I1upXHrx+xD4EA=","2":"QFQoO8P0LJfJDmU3s36QZBSqkj4Kjx8Ho/fxbvcjhvU=","3":"KcvCDZrw8ZDg6OD+K9Ql0KRVg2COFvO2Yx3KbGPACPA=","4":"r+SnEfrDlvA8r0Xf/ukHci6RCGo8m8PjdXnGqKXxk/Y=","5":"EhBgKpvi7+gW9JX0vxegu66vgXqtUMEtVHtJxnIAsWw=","6":"Ag0cQVD7odS/o0yLr0DD++LfQ89jgAG8iVARtANS1wU=","7":"OBZ3v+hvHharB1Zd9K3lpA7s8Ca3MUh2t9WWpRzL8Gw=","8":"VUckWKklADiMgEvbBHEI19/XPnAxgVpqg8xLLe8AjKs=","9":"jZucoS3tpU92gdgTUt2WMBxQ/P1tVT+lWi00yNBSPg4=","10":"UOnQdiLJbg3iRMpfsWHhtUUugRNeUgaTsn1YSMFPeJo=","11":"nsWtYWZ1ImTfQ4FRep9xA/drtu2MGYBdw9qShi6fjB0=","12":"kcw4W3mXQ744grftPViFJg6+lA98TtaLk/Ydlmn9/Ww=","13":"eQhgs35T5fn1tvKitnhbVKYVYaBeMxnqiYtQMeTy9MM=","14":"oasrBBVc0HSz6wWlyjA7I3KWoAm1VgxnP4C871bNNkM=","15":"IBlq/mf+BVn2F2IzezeB4p0PRsPHrX7QxaaeYG8j0vI=","16":"Etsau3/2dab1HaaklTG+xgCD1GcQTPAfy7Lh47CzvM8=","17":"W8a3L0Lc6Eem1iJ4vpBSxYQmjMeMr5ayNgY3lDA4ZW4=","18":"l5nl+8nzJ2ICbtAON4S5BkSV07tv6Rcy61/Kjt0Dt+E=","19":"IgY3l2osnArx1b3uc6i45CQ+7e76DoptUrGtJeJsQcg=","20":"5bPouZ9oqeWQqSaIqQT8knXXHpJOiXgRe4XmZ0WX8lY=","21":"SqHbhAgufHdO6PPQnPVnBwU1s7f6NEkN759UD23lGmE=","22":"XXyTPdMOOJ7MLkqjgqYzTUze/dKLNxSOkmpgwFeSuNs=","23":"tjcEpgADNDz4PlsqFWVfwk0ZdM8hBuTmAKYw0E/epB4=","24":"yCcoy+gesJh9u+8lEs5CXl72KodL0zXbtF7y4UMCfkk=","25":"I1s1QDkhDbBn0yPfsD81Xf+IKPtjh+rl6aInTc7epH4=","26":"CwjlYEhrty1ScLkLc1ubp8BikUaReo3f/f0f6gPaKI4=","27":"zMfblREsfRF+7Mm2crV9Gtv3y+taDlc8pwIzGCMZ4QU=","28":"1a2L9V4cRT/VpyhSDA8eyoOd9eiifM+LXHAczyUfazg=","29":"EjW0oVeLnQTul9fWWTSypsm2meHxDtZQMRY29rQLTqo=","30":"jnq4onEauuHKFOtT4e4wDI5KjFHH2baNxRr5tTtfrP0=","32":"6opGoJNlbgwOjvdikmwyHgdEwzcx1ReA4e0hdb90dIk=","33":"3KeOkyvIL7P95VhkZqTbHRjBGQjYHInqirYT1ssM/uY=","34":"viEBRDFGzLQnjUEYjLKT/Hn4IMyfj5efPSjsipgsW50=","35":"9gKDeJdTTTKFv1x74N1O24/HjXzpLUZlA9g2OYwQl08=","36":"hk9ZpIlfhTYx1sqXAwJcTpmKO8ctzuKIS4JZgcZblqk=","37":"0FPIwssukoab5GZzDnxKO+heIKg+78GNkR7hxtTFle0=","38":"gh9AEpZfAC7gYG1ah/Ose9nRYko8IMVyg6VxqXqjvUM=","39":"O+K9XrZpKY/3k0z/pTQQ5+xhibpxktO0WupzAIJBqM4=","40":"8eWpZKTAbZhHiaPBhVch+vle9Msi6ryu7GKFYpmQEBY=","41":"3ZPKtpO8VRoutM2b0qWNAsnO0//duGFe5mg7NDSa3Po=","42":"JCthYNp/WL43APhcl89x6LXNEGzVEsk0Pf8nRAD7Rrg=","43":"yHsOL1VuyHphBqSx/QFS7JWSqmkbo1YJDT30XKPG6jE=","44":"JB0zRowS9LgQD6VJzA2paOjSL3VacswZVPGUDaKlF20=","45":"Sn/Xeu6EsFZAR7kqMR+SheJEiuul1D1PVDXibztiYrQ=","46":"+PI9TA02myDjzplRo5ykVorpOQycK/RSxzGNYDjIpls=","47":"l2YQ8T6FfPBWJ5FEOZYXrWkoLywzVOMaZQi7TyNHSL0=","48":"LLtE7dGYWu1bdPbntoyiUAf5tEbZSvbV8fW4hNSeonk=","49":"EeXDWNQR4Rd/jXBBZBcXPsyHJF+m3nMzWDe2/TkvUAI=","50":"8d5tbxZe0Lc4Zq8u/4UDtuvz/5ZMxqsrvf6+L6Z1pzs=","51":"8WA1H42NEj+rso32gWrAq72UFTcnhudilDBtt1cy3cE=","52":"1dSvPZ/TnTnh8FGDHZSqjk2XMLSEkiE6tJW1JVGVCs8=","53":"kEXM9TjczjxgsrZ8Ka/njCOvtgjE0otLWc8pDrcP1+c=","54":"O8ph4Q/jhaF6k6A6tp3HvmBK9NlI3sUXKmKs9f7aenQ=","55":"av7fbB9hILn9Zg+r5u+nXw9LM9X4XEEQoFUkt+nhmXQ=","56":"ge16ojmgL8uOOQngZuZPcQaL9eEIwsDqY3v9uuqwFbM=","57":"DniVH/hyx6JrhpZxln9C9XlqKXwVdkDaC54fUhjldfE=","58":"J9RcxiJFeVQ7cF9pUGMKR/Da43R2C++0wWLMDHzX87s=","59":"ed+tM+gfCfIIAP2AeypDFfTye1vAs1Xo4Z/hm/vVcXM=","60":"QwaVBJ+gjX1Rm2lDONu+JnsXzOukrsVwFBybVHMj4eo=","61":"nxsiwfh1ok0GMnMSMiVTTyF2sE9HjIWsLCq5wK2RIcU=","62":"BtI60SXKMogGmJlJ0FzQn4z7qfsGKXbdPNPR+GC2W+w=","64":"oUUh0+hhccRZBHVJCQc9pyLlE00u4C9fAz+uYnTU3Ck=","65":"MWMxicp1Ftfpq2UsXKh8QgtNu6fZkJ+fmIlO1STEceU=","66":"Us5NZxv81GS73iiR0L79mwMngMKNnD8U6wnRyXZYai4=","67":"BrAg7n3OTqiBEMj9uvZKbX9QeWwPd5YXGuNfpL+cy+Q=","68":"gJ/IU6TeXKznVcpcTzoUjfEJA3ANzxndT8REB99nGwA=","69":"HfxbubLrZDIc5K4YD64Sc38PxgYDNNdMPeuBNRKVryk=","70":"orGb5h+ejmTym8Dv46QUWxnvd3JC9fsutnTgClj+M7k=","71":"v7dBWBoigT0xJ0GO/nDYDPvTRXAdkIKNrMUcQtMlseE=","72":"bhOhguLo4pp4aKVtnFfjIv+Eu6iC4i4jWPV401orf8U=","73":"akhdFWeZuoxrnI7Bhz4YeiwGol+EdB6hialsu2287L0=","74":"qhIMjqsYN6I5BnGVEq87JUwjY0kr71pi772FSVFbYro=","75":"li942pkafLN0kFXqHHjl3EPQye7aGbAMXGeNivvg69g=","76":"AEsmhoAzV7Gg2ToUeBFrEtAXqURd/7sBxOAwd0TKbO8=","77":"MhPZtn7e+4mtM8tWcKYwv1umMjVblrOs/2mzHYs7rZE=","78":"NZFjZW73+M67IvKzj7DclU2t7LPCeU2Onv2QPHzYR+s="}},"BeKMJ8YLTDE6J2fazIesNjWOndFzx1/0soB+bWKug4AU":{"chainKey":{"counter":16,"key":"FWBaDwH9vKOl4qhsbN6lEML4ZKXh+nYI4zkH7RFAYUs="},"chainType":2,"messageKeys":{"0":"6xDnlZg5gRGYE3lrHTEpaR0UsbX5dTO/KygC/oziIpE=","1":"HkJcRWvbZ828Shl4XrHu9ID95KDbCsWYjRsdueJGKqU=","2":"j2xvc2RHvwzi2spr5RR9PY+3QWcztO/qyg/VeRL6geM=","3":"iD7eCjJ71O09TcpVOnIzhjc28wm7qvJJDgVN/TsPJ/8=","4":"fetI1y9XDjoInvk4fpSezIB+ISU5YMiVz6rCMSIt2go=","5":"xDolFWIjFieDvs6QflHGZyDt0WGlNk62eiuYZdrWgQE=","6":"wbq6TECnuuhu3XlfLiI0ObViCYMqWlSXrk5ac+AurvY=","7":"t0QUkbWWTbanBgf16j68Urd+5uXGaVTPw7+ag8MpvJw=","8":"AfG3UsoC+NVrrpR8F09zbW2uoKSz5/GR4mebctCLDgo=","9":"+XE4VpSWgJyQNC/Se7bBzM3qXxKTa0PuLn3+Mwu/Vl4=","10":"Biyn0h+unch5b9bzvFnRigr/fMVOxozlY2ARTZgDUdg=","11":"BFPhaF7kHiSnrja82TXpitQkx+qGsalunkYsN8qn1JU=","12":"Dhry//bnwiLNTo+bh6Ewxyo6moI1wyC1w+KGdLg6PpE=","13":"B00a6Ty2C19MWnvPhv0KAB2I8GBj3VlJWXoC3mznhjM=","14":"Y+cyf1liPmbl05P+/wsI4CcZOSgGrDGgQilluiYLoSI=","15":"pEwyAsEtgkTh8vQAMs0jqDfXYVY4mkhdok6lnuETQFU="}},"BexnsEM6oxB22V4mGBAUqNTJal/9+KXVJ+EHmo1KaPhG":{"chainKey":{"counter":0,"key":"EpD8kEj/31Jlrz0jiN6q44wATlpm8dNJpeDaySST1so="},"chainType":1,"messageKeys":{}}}},"BTSFmrs10SGws3sEAfAiIKmBbbSTzw+SnUYvXl7BcdNC":{"registrationId":158,"currentRatchet":{"ephemeralKeyPair":{"pubKey":"BZAUEvjrjyZEpFhaKe7FJ/0x/boURNcz0UJc86pLrYEs","privKey":"+J7NrOLwv3QbCWDNubyUWIT31i6Ug0N7aHwr5AXqF1U="},"lastRemoteEphemeralKey":"BbSPYg1Gt2z5+A3NBwI3Mmdp4BCcE9lHyBGJX57/Tdh+","previousCounter":0,"rootKey":"ve2pHCHKiMX9jGKrmVuQGvovLaiwadjPmnP6GwSONZI="},"indexInfo":{"baseKey":"BTSFmrs10SGws3sEAfAiIKmBbbSTzw+SnUYvXl7BcdNC","baseKeyType":1,"closed":-1,"used":1768034755705,"created":1768034755705,"remoteIdentityKey":"BYFNktduXfpyppLVUhX7Uz62ixUctqP/mGnllCmli4Ir"},"_chains":{"BZAUEvjrjyZEpFhaKe7FJ/0x/boURNcz0UJc86pLrYEs":{"chainKey":{"counter":5,"key":"kElINLYcaUMetoJi/5+dNihDh19k2JK4pwCgNgq3chk="},"chainType":1,"messageKeys":{}}},"pendingPreKey":{"signedKeyId":1,"baseKey":"BTSFmrs10SGws3sEAfAiIKmBbbSTzw+SnUYvXl7BcdNC","preKeyId":31}}},"version":"v1"}