{"_sessions":{"BXkFAfdgYOEni8mNSvX3dpOevnbm83MUUbt5NJVeWCwM":{"registrationId":869963208,"currentRatchet":{"ephemeralKeyPair":{"pubKey":"BdXEU2oAo21uZFld2BUBt8R+/GKsigFteeq+NmuQrb5Y","privKey":"WGt+xCKT7cIVPz2VpzsX44cQSM+xqE4ohpj2v9mIv2I="},"lastRemoteEphemeralKey":"BTdt+XJWLtZQS/x9G4480w4EAp1fMsMbcWA9QpgF59I1","previousCounter":0,"rootKey":"D2lEQYM4s6SUUgK80N35Wj0F/J5XGKd79B58DDp+Mew="},"indexInfo":{"baseKey":"BXkFAfdgYOEni8mNSvX3dpOevnbm83MUUbt5NJVeWCwM","baseKeyType":2,"closed":-1,"used":1768033466630,"created":1768033466630,"remoteIdentityKey":"BaTmsC6fAS1T40iws29OYhrdxH0ZwL+7WgBGfYCYdRMn"},"_chains":{"BTdt+XJWLtZQS/x9G4480w4EAp1fMsMbcWA9QpgF59I1":{"chainKey":{"counter":7,"key":"EtkDioxukVHbLiGvUkoIxqUw1RsFx4uTKYeMkzeqzo0="},"chainType":2,"messageKeys":{"5":"KZ3F23STClM0IHDaa/ds0q594YGxlndKSJUmK+yrsRA=","6":"1Hxv6YCNdRujZaPVksZ31sWSJDd03S2ShO0eDRQcr3c="}},"BdXEU2oAo21uZFld2BUBt8R+/GKsigFteeq+NmuQrb5Y":{"chainKey":{"counter":-1,"key":"P6V1vjH3tbGjuMl2h7jS1W+Djm2FJpvDpwn/Td4Tf6A="},"chainType":1,"messageKeys":{}}}}},"version":"v1"}