{"_sessions":{"BaELOsz+hhz21GeTMCAWltzdw0KouOYIhjDkNRpp5lNt":{"registrationId":1615615042,"currentRatchet":{"ephemeralKeyPair":{"pubKey":"BWnGGq0vQHPz89+a8ISIfrpgZCKhP90tNqCPp+xJIsdH","privKey":"+L21izDd4ovtgyRlEMJnqCMi1+RH8mQlqe+8WrZ94UM="},"lastRemoteEphemeralKey":"BV7YztAhRFije1EJ3yOTNUqc2j4F7pM01c0nKXnbxUxX","previousCounter":15,"rootKey":"IVaAWs/jAgOu0PrnVbiiYG8J3ac4Yzsw3Ou+SY2WEDY="},"indexInfo":{"baseKey":"BaELOsz+hhz21GeTMCAWltzdw0KouOYIhjDkNRpp5lNt","baseKeyType":2,"closed":-1,"used":1768101108861,"created":1768008702576,"remoteIdentityKey":"BfRaTOjQPRUOKNraz8P8tZEtmUHOwqj1JTVX5btJVIh0"},"_chains":{"BdmWGR99FZFv9tdqip6CJoXu2m6KF4orZ1w3NqSR0xRb":{"chainKey":{"counter":5},"chainType":2,"messageKeys":{}},"BV7YztAhRFije1EJ3yOTNUqc2j4F7pM01c0nKXnbxUxX":{"chainKey":{"counter":8,"key":"iyPQUi7ob/Gb4IOp0DoIlfBX+tM2ynsZZpl1FcQkNNU="},"chainType":2,"messageKeys":{"0":"BdxmcicPusWssV/ioSJ3Gf9Je+BjJWHdCMY9K+17Ljo=","1":"MCtRnEsGDc4a6I2FRn5gaiKZmG5mybhucloo9kT6/z8=","2":"VliS+VUfPHDpuZ4f1mK4MrnCCTxlE7+gcS4sdX/YD0o=","3":"JDXedVAIx30+9QRzVA7TJESS9hAlQZsSTTTpGNZ5XTU=","4":"vhJUeAEPmddHhomF7ZKeRpaDQr/J/mL1CrmKHLF0kJw=","5":"16q7oRh2v+6VdaHKFIm+LPyxhCFx5DHhxwjbEN/wJjo=","6":"ZugFQHXe4SS1sV/5b4rXWih6frPY3eLBQhU+qgJ2jOE=","7":"Azia9XMLtze83+O6jxKw+jEAklCNgvwLt5NObbBaRsU="}},"BWnGGq0vQHPz89+a8ISIfrpgZCKhP90tNqCPp+xJIsdH":{"chainKey":{"counter":4,"key":"586mp31jy0B1gNXgn2Zhr1QHpAR/5RT7jnLPN6gYWcM="},"chainType":1,"messageKeys":{}}}}},"version":"v1"}