{"_sessions":{"BROK25cik5eeCuTIMg9xRPUQu/eBY8jqWYXei0OkT5UP":{"registrationId":2143721659,"currentRatchet":{"ephemeralKeyPair":{"pubKey":"BR2USeKb6vpF+P1F/rk4++ACBOmtCP4d8KqhXOkHpoMm","privKey":"GFCM5jiPlOvPswOzO+A36rBo+b06Ef7ZGPGWS7WMWmE="},"lastRemoteEphemeralKey":"BXJu/MqH19h4RwfnAmYUtCi0tuDxcS0aKSkgUwMOWr1p","previousCounter":0,"rootKey":"b+qZZgWudMFaccCfB+nQDKLG/tRtISG1k1YWJAEk8g0="},"indexInfo":{"baseKey":"BROK25cik5eeCuTIMg9xRPUQu/eBY8jqWYXei0OkT5UP","baseKeyType":2,"closed":-1,"used":1768104228741,"created":1768104228741,"remoteIdentityKey":"BfU8Ve2KLQvD0wmwFNPS2x6VwJ9GR115AilvnajfRp17"},"_chains":{"BXJu/MqH19h4RwfnAmYUtCi0tuDxcS0aKSkgUwMOWr1p":{"chainKey":{"counter":0,"key":"5F/GUVmovEu58Gsia29SJa5jLGWglyZg6FG5WzF0sbQ="},"chainType":2,"messageKeys":{}},"BR2USeKb6vpF+P1F/rk4++ACBOmtCP4d8KqhXOkHpoMm":{"chainKey":{"counter":-1,"key":"NKL3mnjBAQfF5tvJvto9OlW7BHAcA1ZKUswDY30+1IA="},"chainType":1,"messageKeys":{}}}}},"version":"v1"}