{"noiseKey":{"private":{"type":"Buffer","data":"qLZ3LMhnHOfjDk+tN9Ue3YYs1+0SX0smGAivNUsR1lE="},"public":{"type":"Buffer","data":"s/8OOU/3UZWRdmWeLBI16B4IQExEBi9BY76HeAIVQXQ="}},"pairingEphemeralKeyPair":{"private":{"type":"Buffer","data":"GLxXohBTOfXECYXi7/oFcteUZsyLMZ7LRh0F35JiDHY="},"public":{"type":"Buffer","data":"8vh+O6KAhbKXtidZIS4TOgfa+wxfSuGOB8gqy/ClG3M="}},"signedIdentityKey":{"private":{"type":"Buffer","data":"cH2uaNd1P+2UcO5/vMl/ERWwVxcObMOs+EuZkbGaeUA="},"public":{"type":"Buffer","data":"Ca2y6LpLc0IE4JSzDFoc1KugAMGmtSmXhwyIVmCGNmo="}},"signedPreKey":{"keyPair":{"private":{"type":"Buffer","data":"AD0NTBJar4YpxClw29nE2kEdQ5v6TajwbpZhExpyYWI="},"public":{"type":"Buffer","data":"FDMKYi14V7wMfWdrlG88RylSExc5VKqAfwkjYNidKR0="}},"signature":{"type":"Buffer","data":"V29YZCDkoMqEW0u8zgP+R0wuATg4vqQhqHxY820PFG+6MuduE9oIRJAiUTOvbb5Ez91AZJh3mbc9mekSNp5hAQ=="},"keyId":1},"registrationId":242,"advSecretKey":"xHGF59xrx0Y86M/NPAcrsS73ujajcySMiodeyTeo3O8=","processedHistoryMessages":[],"nextPreKeyId":31,"firstUnuploadedPreKeyId":31,"accountSyncCounter":0,"accountSettings":{"unarchiveChats":false},"deviceId":"aOVtY8c5RseSsZ09kgbwzA","phoneId":"78df0507-380b-4daf-ac16-b906ed3f320f","identityId":{"type":"Buffer","data":"vASkNnPvTwgjOPAQrYtyLN7XSMk="},"registered":true,"backupToken":{"type":"Buffer","data":"eDFWUZp9KG9KDoTVDqwJYm/zEKY="},"registration":{},"pairingCode":"GQMFBAXX","me":{"id":"6285798042423:77@s.whatsapp.net","lid":"142219554123922:77@lid"},"account":{"details":"CLiWp4UDEPXXhssGGAIgACgA","accountSignatureKey":"9FpM6NA9FQ4o2trPw/y1kS2ZQc7CqPUlNVflu0lUiHQ=","accountSignature":"VX/YZvYpCRlATEKNzCd++OFNOjTbyEWxVw37bGTqtqBHMvu3mRPYjo/itds0NbbDn2XBRhoswJQT/Sobw/2WBQ==","deviceSignature":"tGzaq/BjLvcBpeISaqgKktbF0WxsIrNYloNXoHYiHmCUJwuQqEWRnD1CXHm4+ech7oylq4R3MHnqgoEo3PRIBA=="},"signalIdentities":[{"identifier":{"name":"6285798042423:77@s.whatsapp.net","deviceId":0},"identifierKey":{"type":"Buffer","data":"BfRaTOjQPRUOKNraz8P8tZEtmUHOwqj1JTVX5btJVIh0"}}],"platform":"android","routingInfo":{"type":"Buffer","data":"CAsIAwgN"},"lastAccountSyncTimestamp":1768008700,"lastPropHash":"1K4hH4","myAppStateKeyId":"AAAAAJNW"}