[
  {
    "username": "www",
    "lastLogin": "2026-01-11T09:11:30.383Z",
    "sessionKey": "24f9d9caf6431785",
    "ipAddress": "::ffff:182.2.183.221",
    "androidId": "OPM1.171019.026"
  },
  {
    "username": "pe",
    "lastLogin": "2026-01-09T09:46:07.866Z",
    "sessionKey": "a84880b9fd6d4a26",
    "ipAddress": "::ffff:182.2.183.221",
    "androidId": "OPM1.171019.026"
  },
  {
    "username": "ryynganteng",
    "lastLogin": "2026-01-09T09:50:37.116Z",
    "sessionKey": "a24ac12771323bc6",
    "ipAddress": "::ffff:103.111.100.200",
    "androidId": "UP1A.231005.007"
  },
  {
    "username": "eL",
    "lastLogin": "2026-01-09T10:11:08.507Z",
    "sessionKey": "19009e1459d410e2",
    "ipAddress": "::ffff:103.147.83.245",
    "androidId": "RP1A.200720.011"
  },
  {
    "username": "hafzz",
    "lastLogin": "2026-01-09T10:15:38.100Z",
    "sessionKey": "038db749f337449b",
    "ipAddress": "::ffff:103.47.132.88",
    "androidId": "UP1A.231005.007"
  },
  {
    "username": "ww",
    "lastLogin": "2026-01-10T17:43:21.872Z",
    "sessionKey": "76389d70bdf5d208",
    "ipAddress": "::ffff:182.2.183.221",
    "androidId": "OPM1.171019.026"
  },
  {
    "username": "ritzz",
    "lastLogin": "2026-01-10T06:31:09.290Z",
    "sessionKey": "4bf4803afb48176f",
    "ipAddress": "::ffff:114.10.25.224",
    "androidId": "UP1A.231005.007"
  }
]